date,start,end,notes
2018-05-10,3,8,
2018-05-10,11,173,report
2018-05-10,175,176,
2018-05-10,177,178,
2018-05-10,180,188,
2018-05-10,190,193,
2018-05-10,194,206,attachments
2018-05-10,217,218,
2018-05-23,5,6,
2018-05-23,8,16,attachments
2018-05-23,17,20,
2018-05-23,21,30,
2018-06-14,4,5,
2018-06-14,6,7,
2018-06-14,8,9,
2018-06-14,10,17,
2018-06-14,18,21,
2018-06-14,22,24,
2018-06-14,25,29,attachments
2018-06-14,30,31,
2018-06-14,32,43,
2018-06-14,44,47,
2018-06-14,48,51,
2018-06-14,52,61,
2018-06-14,63,66,
2018-06-14,67,70,attachments
2018-06-14,72,77,
2018-06-14,79,80,
2018-07-12,5,9,
2018-07-12,10,12,
2018-07-12,14,16,
2018-07-12,17,21,
2018-07-12,22,23,
2018-07-12,24,25,
2018-07-12,27,34,
2018-07-12,35,38,
2018-07-12,39,43,
2018-07-12,44,50,
2018-07-12,51,59,
2018-07-12,60,64,
2018-07-12,65,66,
2018-07-12,70,71,
2018-07-12,72,73,attachments
2018-07-26,3,4,
2018-07-26,13,14,
2018-07-26,28,30,
2018-07-26,33,35,
2018-07-26,38,39,
2018-08-09,3,6,
2018-08-09,7,9,attachments
2018-08-09,11,12,
2018-08-09,13,14,
2018-08-09,15,22,attachments
2018-08-09,24,29,
2018-08-09,35,55,report
2018-08-09,56,57,
2018-08-09,58,65,attachments
2018-08-09,68,89,
2018-08-09,91,132,report
2018-08-09,137,140,
2018-08-09,142,143,
2018-08-09,145,147,attachments
2018-08-09,151,152,
2018-08-23,3,4,
2018-09-13,3,4,
2018-09-13,5,11,
2018-09-13,12,13,
2018-09-13,65,66,
2018-09-13,71,73,
2018-09-13,76,79,
2018-09-13,80,83,
2018-09-13,84,85,
2018-09-13,87,89,
2018-09-13,90,92,
2018-09-13,93,95,
2018-09-13,96,97,
2018-09-13,100,101,
2018-09-13,102,103,
2018-09-13,104,105,
2018-09-27,9,10,
2018-09-27,11,12,
2018-09-27,15,16,
2018-10-11,3,6,
2018-10-11,7,9,
2018-10-11,11,14,
2018-10-11,28,30,
2018-10-11,31,34,
2018-10-11,44,45,
2018-10-11,60,64,
2018-10-11,65,67,attachments
2018-10-11,68,69,
2018-10-11,70,72,
2018-10-11,73,74,
2018-10-11,75,82,
2018-10-11,84,92,attachments
2018-10-11,93,94,
2018-10-11,95,96,
2018-10-11,98,99,
2018-10-11,100,101,
2018-10-11,102,103,
2018-10-11,104,105,
2018-10-11,108,115,attachments
2018-10-11,117,118,
2018-10-11,119,120,
2018-10-11,121,123,attachments
2018-10-25,3,5,
2018-10-25,8,12,
2018-10-25,13,14,
2018-10-25,15,26,
2018-10-25,27,28,
2018-10-25,56,57,
2018-10-25,69,70,
2018-10-25,71,80,attachments
2018-10-25,82,96,
2018-10-25,97,101,
2018-11-08,3,6,
2018-11-08,7,10,
2018-11-08,11,12,
2018-11-29,4,5,
2018-11-29,6,10,
2018-11-29,11,14,
2018-11-29,16,17,
2018-11-29,20,21,
2018-11-29,22,23,attachments
2018-11-29,24,25,
2018-11-29,26,27,
2018-12-13,4,21,attachments
2018-12-13,22,27,
2018-12-13,28,31,attachments
2018-12-13,32,33,
2018-12-13,35,36,
2018-12-13,37,38,
2018-12-13,39,47,
2018-12-13,50,51,
2018-12-13,52,53,
2018-12-13,55,65,
2018-12-13,66,67,
2018-12-13,69,70,
2018-12-13,71,72,
2018-12-20,4,34,attachments
2018-12-20,37,44,attachments
2018-12-20,45,46,
2018-12-20,47,48,
2018-12-20,49,50,
2019-01-10,4,5,
2019-01-10,6,8,
2019-01-10,9,10,
2019-01-10,13,14,
2019-01-10,18,279,report
2019-01-10,280,2316,report
2019-01-10,2318,2319,
2019-01-10,2320,2321,
2019-01-24,3,11,
2019-01-24,12,16,
2019-01-24,20,22,
2019-01-24,24,25,
2019-01-24,26,39,attachments
2019-01-24,41,50,
2019-01-24,62,84,
2019-01-24,86,96,
2019-01-24,98,400,report
2019-01-24,401,414,
2019-02-14,3,4,
2019-02-14,5,6,
2019-02-14,8,47,attachments
2019-02-14,48,49,
2019-02-14,50,56,
2019-02-14,57,60,
2019-02-14,62,65,attachments
2019-02-28,4,18,report
2019-03-14,1,3,
2019-03-14,4,5,
2019-03-14,6,7,
2019-03-14,8,9,
2019-03-14,10,15,attachments
2019-03-14,16,25,
2019-03-14,26,27,
2019-03-14,28,29,
2019-03-14,30,31,
2019-03-14,32,39,
2019-03-14,40,41,
2019-03-14,42,48,attachments
2019-03-14,49,51,
2019-03-14,52,53,
2019-03-14,55,60,attachments
2019-03-28,5,6,
2019-03-28,7,12,
2019-03-28,13,14,
2019-03-28,25,26,
2019-03-28,28,29,
2019-03-28,30,31,
2019-04-11,3,4,
2019-04-11,5,6,
2019-04-11,13,14,
2019-04-11,15,18,attachments
2019-04-11,20,28,
2019-04-11,29,30,
2019-04-11,31,33,
2019-04-11,34,44,attachments
2019-04-11,45,46,
2019-04-11,52,55,attachments
2019-05-09,3,7,
2019-05-09,8,9,
2019-05-09,10,11,
2019-05-09,14,18,
2019-05-09,19,22,
2019-05-09,23,29,
2019-05-09,30,38,
2019-05-09,40,49,
2019-05-09,52,53,
2019-05-09,54,56,
2019-05-09,58,63,
2019-05-09,64,67,attachments
2019-05-09,68,76,
2019-05-09,77,83,
2019-05-09,84,88,attachments
2019-05-09,89,91,
2019-05-23,14,16,
2019-05-23,20,21,
2019-05-23,27,28,
2019-05-23,33,35,
2019-05-23,38,39,
2019-05-23,41,42,
2019-05-23,48,49,
2019-05-23,50,51,attachments
2019-05-23,62,64,
2019-05-23,65,67,
2019-05-23,68,69,
2019-05-23,71,73,
2019-05-23,74,75,
2019-05-23,76,77,
2019-05-23,79,80,
2019-05-23,82,84,
2019-05-23,86,88,
2019-05-23,95,101,
2019-05-23,102,103,attachments
2019-05-23,107,108,
2019-05-23,110,111,
2019-05-23,114,117,
2019-05-23,118,119,
2019-05-23,126,130,
2019-05-23,131,132,attachments
2019-05-23,133,134,
2019-05-23,136,137,
2019-05-23,138,141,attachments
2019-05-23,143,144,
2019-05-23,160,161,
2019-06-27,3,6,
2019-06-27,7,16,
2019-06-27,17,22,
2019-06-27,23,24,
2019-06-27,25,26,
2019-06-27,27,28,
2019-06-27,29,32,attachments
2019-06-27,34,36,
2019-06-27,40,41,
2019-07-11,4,5,
2019-07-11,8,10,
2019-07-11,36,38,
2019-07-11,39,46,attachments
2019-07-11,47,49,attachments
2019-07-11,80,81,
2019-07-25,5,6,
2019-07-25,11,14,
2019-07-25,15,16,
2019-07-25,26,27,
2019-07-25,30,31,
2019-07-25,33,37,
2019-07-25,40,41,
2019-07-25,47,49,attachments
2019-07-25,50,51,
2019-07-25,59,62,
2019-07-25,70,72,
2019-07-25,73,75,
2019-07-25,76,80,attachments
2019-08-08,3,4,
2019-08-08,6,11,
2019-08-08,13,14,
2019-08-08,17,19,attachments
2019-08-08,20,22,
2019-08-08,25,28,
2019-08-08,29,34,
2019-08-08,90,91,
2019-08-08,92,93,attachments
2019-08-08,94,95,
2019-08-08,96,97,
2019-08-08,98,99,
2019-08-08,100,103,
2019-08-08,104,105,
2019-08-08,106,114,attachments
2019-09-12,3,4,
2019-09-12,6,19,attachments
2019-09-12,21,22,
2019-09-12,24,27,attachments
2019-09-26,3,4,
2019-09-26,5,12,attachments
2019-09-26,13,15,
2019-09-26,18,24,
2019-10-10,3,5,
2019-10-10,6,14,
2019-10-10,16,24,
2019-10-10,25,27,
2019-10-10,28,29,
2019-10-10,30,34,
2019-10-10,35,37,
2019-10-10,38,40,
2019-10-10,41,42,
2019-10-10,44,46,
2019-10-10,47,49,
2019-10-10,50,51,
2019-10-10,52,53,
2019-10-10,55,56,
2019-10-10,57,60,
2019-10-10,62,64,
2019-10-10,69,70,
2019-10-10,71,72,
2019-10-24,3,5,
2019-10-24,6,11,attachments
2019-10-24,13,20,attachments
2019-10-24,21,22,
2019-10-24,26,31,
2019-10-24,32,35,attachments
2019-10-24,41,44,
2019-10-24,45,46,attachments
2019-10-24,47,48,
2019-10-24,50,51,
2019-10-24,52,53,
2019-10-24,55,85,attachments
2019-10-24,86,87,
2019-10-24,88,89,
2019-10-24,90,94,attachments
2019-11-14,3,5,
2019-11-14,6,12,attachments
2019-11-14,13,17,
2019-11-14,19,20,
2019-11-14,21,22,
2019-11-14,23,24,
2019-11-14,25,26,
2019-11-14,30,33,
2019-11-14,34,35,
2019-11-21,4,5,
2019-11-21,7,11,attachments
2019-11-21,12,14,
2019-11-21,15,19,
2019-11-21,22,23,
2019-11-21,26,27,
2019-11-21,29,111,report
2019-12-12,4,7,
2019-12-12,8,10,
2019-12-12,32,33,
2019-12-12,38,42,
2019-12-12,43,56,attachments
2019-12-12,58,59,attachments
2019-12-12,64,65,
2019-12-19,4,6,attachments
2019-12-19,9,69,report
2019-12-19,73,75,
2019-12-19,77,78,
2019-12-19,80,83,
2019-12-19,84,85,
2019-12-19,87,89,
2019-12-19,91,92,
2019-12-19,93,95,
2020-01-09,3,4,
2020-01-09,5,7,attachments
2020-01-09,8,13,
2020-01-09,18,19,
2020-01-09,20,23,attachments
2020-01-23,4,8,
2020-01-23,9,10,attachments
2020-01-23,12,13,
2020-01-23,14,15,
2020-02-13,3,4,
2020-02-13,6,7,
2020-02-13,8,10,
2020-02-13,11,20,
2020-02-13,21,22,
2020-02-13,23,24,
2020-02-13,25,27,
2020-02-13,29,30,
2020-02-13,33,34,
2020-02-13,35,37,
2020-02-13,38,39,
2020-03-12,5,14,
2020-03-12,15,19,
2020-03-12,20,21,
2020-03-12,23,24,
2020-03-12,26,33,attachments
2020-03-12,34,43,
2020-03-12,44,78,attachments
2020-03-12,79,81,
2020-03-12,82,84,
2020-03-12,85,115,attachments
2020-03-12,117,118,
2020-03-12,120,127,
2020-04-23,3,5,
2020-04-23,6,7,
2020-04-23,8,17,
2020-04-23,20,23,
2020-04-23,25,28,
2020-04-23,29,30,
2020-04-23,31,37,
2020-04-23,39,40,
2020-04-23,45,46,
2020-04-23,47,48,attachments
2020-04-23,50,52,attachments
2020-04-23,53,55,
2020-04-23,56,60,
2020-04-23,61,62,
2020-04-23,64,65,
2020-04-23,66,67,
2020-04-23,68,69,
2020-04-23,70,71,
2020-04-23,73,80,attachments
2020-04-23,81,83,
2020-04-23,84,86,
2020-04-23,87,89,
2020-04-23,90,120,attachments
2020-04-23,121,123,
2020-04-23,125,127,
2020-04-23,128,129,
2020-04-23,131,138,
2020-04-23,140,141,
2020-04-23,142,143,
2020-04-23,144,146,
2020-04-23,147,148,
2020-04-23,150,151,
2020-04-23,153,154,
2020-04-23,155,161,
2020-04-23,165,167,
2020-04-23,169,170,
2020-04-23,175,178,
2020-04-23,180,181,
2020-04-23,183,184,
2020-04-23,190,191,
2020-04-23,192,193,
2020-05-14,3,8,
2020-05-14,9,11,
2020-05-14,12,13,
2020-05-14,14,19,
2020-05-14,20,21,
2020-05-14,22,30,
2020-05-14,32,32,attachments
2020-05-14,33,48,attachments
2020-05-14,49,51,
2020-05-14,52,53,attachments
2020-05-14,54,55,attachments
2020-05-14,58,60,
2020-05-14,63,64,
2020-05-14,65,66,
2020-05-14,67,68,
2020-05-14,69,71,attachments
2020-05-14,74,75,
2020-05-14,76,78,attachments
2020-05-14,79,83,
2020-05-14,88,91,
2020-05-14,92,97,
2020-05-14,98,100,attachments
2020-05-14,103,107,
2020-05-14,108,109,
2020-05-14,111,112,
2020-05-14,115,116,
2020-05-14,117,120,
2020-05-14,121,122,
2020-05-14,124,127,
2020-05-14,130,131,
2020-05-14,132,133,
2020-05-14,136,137,
2020-05-14,139,140,attachments
2020-05-14,142,144,
2020-05-14,145,146,
2020-05-14,150,151,
2020-05-14,158,171,attachments
2020-05-14,172,173,
2020-05-14,174,175,
2020-05-14,177,178,
2020-05-14,179,180,
2020-05-14,182,187,
2020-05-14,193,194,
2020-05-14,196,197,
2020-05-14,199,203,
2020-05-14,207,209,
2020-05-14,211,215,
2020-05-14,218,223,
2020-05-14,225,230,
2020-05-14,232,238,
2020-05-14,241,249,
2020-05-14,251,264,
2020-05-14,266,270,
2020-05-14,271,272,
2020-05-14,273,274,
2020-05-14,275,276,
2020-05-28,3,8,
2020-05-28,12,81,report
2020-05-28,84,104,attachments
2020-05-28,112,113,
2020-05-28,115,117,
2020-05-28,123,124,
2020-05-28,127,128,
2020-05-28,129,132,
2020-05-28,134,139,attachments
2020-05-28,151,152,
2020-05-28,154,156,
2020-05-28,158,159,
2020-05-28,160,175,
2020-05-28,176,178,
2020-05-28,179,180,
2020-05-28,182,183,
2020-05-28,185,248,attachments
2020-05-28,249,250,
2020-05-28,254,255,
2020-05-28,257,259,
2020-05-28,260,263,
2020-05-28,269,270,
2020-05-28,271,273,
2020-05-28,277,278,
2020-05-28,279,289,
2020-05-28,290,295,
2020-05-28,298,299,
2020-05-28,301,306,attachments
2020-05-28,311,312,
2020-05-28,325,326,
2020-05-28,328,329,
2020-05-28,330,331,
2020-05-28,347,348,
2020-05-28,349,350,
2020-05-28,351,352,
2020-05-28,363,364,
2020-05-28,366,367,
2020-05-28,368,369,
2020-05-28,374,375,
2020-05-28,377,378,
2020-05-28,391,392,
2020-05-28,395,396,
2020-05-28,403,404,
2020-05-28,414,415,
2020-05-28,423,425,
2020-05-28,427,429,
2020-05-28,431,432,
2020-05-28,434,435,
2020-06-04,4,13,
2020-06-04,14,15,
2020-06-04,16,17,
2020-06-11,3,15,
2020-06-11,16,200,attachments
2020-06-11,202,203,
2020-06-11,205,206,
2020-06-11,207,209,
2020-06-11,210,212,
2020-06-11,213,214,
2020-06-25,3,5,
2020-06-25,9,18,
2020-06-25,19,23,
2020-06-25,24,27,
2020-06-25,29,35,
2020-06-25,38,39,
2020-06-25,44,45,
2020-06-25,51,52,
2020-06-25,57,58,
2020-06-25,60,69,
2020-06-25,73,74,
2020-06-25,75,76,
2020-06-25,85,86,
2020-06-25,87,88,
2020-06-25,89,90,
2020-06-25,92,94,
2020-06-25,95,99,
2020-06-25,100,109,
2020-06-25,116,117,
2020-06-25,118,119,
2020-06-25,124,125,
2020-06-25,136,142,
2020-06-25,144,145,
2020-06-25,146,150,
2020-06-25,151,152,
2020-06-25,153,154,
2020-06-25,157,159,
2020-06-25,160,161,
2020-06-25,162,163,
2020-06-25,165,166,
2020-06-25,171,172,
2020-07-09,3,5,
2020-07-23,3,4,
2020-07-23,10,12,
2020-07-23,13,15,
2020-07-23,16,17,attachments
2020-07-23,18,19,
2020-07-23,24,25,
2020-07-23,26,27,
2020-08-13,3,4,
2020-08-13,5,9,
2020-08-13,10,23,attachments
2020-08-13,24,26,
2020-08-13,28,29,
2020-08-13,30,31,
2020-08-13,64,73,
2020-08-13,78,84,
2020-08-13,123,124,
2020-08-13,138,143,
2020-08-13,153,156,
2020-08-13,157,160,attachments
2020-08-13,162,171,
2020-08-13,174,176,
2020-08-13,177,180,
2020-08-13,182,191,
2020-08-13,193,195,
2020-08-13,196,197,attachments
2020-08-13,198,201,
2020-08-13,204,213,
2020-08-13,214,217,
2020-08-13,220,221,
2020-08-13,223,224,
2020-08-27,4,5,
2020-08-27,7,10,
2020-08-27,12,13,
2020-08-27,14,22,
2020-08-27,23,24,
2020-08-27,25,29,
2020-08-27,30,32,
2020-08-27,33,34,
2020-08-27,37,46,
2020-08-27,47,49,
2020-08-27,50,51,
2020-08-27,52,53,
2020-08-27,57,59,
2020-08-27,60,61,
2020-08-27,62,67,
2020-08-27,70,76,
2020-08-27,79,80,attachments
2020-08-27,84,85,
2020-08-27,88,91,attachments
2020-08-27,92,93,
2020-08-27,95,96,
2020-08-27,97,98,
2020-08-27,103,104,
2020-08-27,107,108,
2020-09-10,3,7,
2020-09-10,8,67,attachments
2020-09-10,70,71,
2020-09-17,4,5,
2020-09-17,6,10,
2020-09-17,11,18,
2020-09-17,19,25,
2020-09-17,26,30,
2020-09-17,33,36,attachments
2020-09-17,37,41,
2020-09-17,43,46,
2020-09-17,48,53,
2020-09-17,54,55,
2020-09-24,3,4,
2020-09-24,5,6,
2020-09-24,8,14,
2020-09-24,17,18,
2020-09-24,19,21,
2020-09-24,22,23,attachments
2020-09-24,26,27,
2020-09-24,28,29,
2020-10-08,5,7,
2020-10-08,10,11,
2020-10-08,12,13,
2020-10-08,26,38,
2020-10-08,39,70,attachments
2020-10-08,72,83,
2020-10-08,86,87,
2020-10-08,88,89,attachments
2020-10-08,91,92,
2020-10-08,93,102,
2020-10-08,104,106,attachments
2020-10-08,107,113,
2020-10-08,114,115,
2020-10-08,132,133,
2020-10-08,137,138,attachments
2020-10-08,149,150,
2020-10-08,151,155,
2020-10-08,162,168,
2020-10-08,169,171,attachments
2020-10-08,176,177,
2020-10-08,187,188,
2020-10-08,191,192,
2020-10-08,193,200,
2020-10-08,201,207,
2020-10-08,211,212,
2020-10-08,213,214,
2020-10-08,217,218,
2020-10-08,219,220,
2020-10-08,231,232,
2020-10-08,239,240,
2020-10-08,243,246,
2020-10-08,249,250,
2020-10-08,259,260,
2020-10-08,261,262,
2020-10-08,272,274,
2020-10-08,276,277,
2020-10-08,288,289,
2020-10-08,292,293,
2020-10-08,295,296,
2020-10-08,300,302,
2020-10-08,310,311,
2020-10-08,312,319,
2020-10-08,323,325,
2020-10-08,326,327,
2020-10-08,330,331,
2020-10-15,4,8,
2020-10-15,9,12,
2020-10-15,13,38,attachments
2020-10-15,39,41,
2020-10-15,42,61,attachments
2020-10-15,62,67,
2020-10-15,68,70,attachments
2020-10-15,71,72,
2020-10-15,74,78,
2020-10-15,82,91,
2020-10-15,92,98,
2020-10-15,102,103,attachments
2020-10-15,106,107,
2020-10-22,4,8,
2020-10-22,9,12,
2020-10-22,13,38,attachments
2020-10-22,39,41,
2020-10-22,42,61,attachments
2020-10-22,62,67,
2020-10-22,68,70,attachments
2020-10-22,71,72,
2020-10-22,74,78,
2020-10-22,82,91,
2020-10-22,92,98,
2020-10-22,102,103,attachments
2020-10-22,106,107,
2020-11-05,3,8,
2020-11-05,9,10,
2020-11-05,11,12,
2020-11-05,14,15,
2020-11-05,16,17,
2020-11-05,19,20,
2020-11-05,21,22,
2020-11-05,23,25,
2020-11-05,27,37,
2020-11-05,39,40,
2020-11-05,41,42,
2020-11-05,43,45,
2020-11-05,46,48,
2020-11-05,51,52,
2020-11-05,56,58,attachments
2020-11-05,59,72,
2020-11-05,77,78,
2020-11-05,82,84,
2020-11-05,85,86,
2020-11-05,90,93,
2020-11-05,95,97,
2020-11-05,98,100,
2020-11-05,104,106,
2020-11-05,108,109,
2020-11-05,110,112,attachments
2020-11-19,5,6,
2020-11-19,7,8,
2020-11-19,12,13,
2020-11-19,14,15,
2020-11-19,16,18,
2020-11-19,19,22,attachments
2020-11-19,23,25,
2020-11-19,27,33,
2020-11-19,38,39,
2020-11-19,43,49,attachments
2020-11-19,50,51,
2020-11-19,55,56,
2020-11-19,57,58,attachments
2020-11-19,60,61,
2020-11-19,62,63,
2020-11-19,64,65,
2020-11-19,66,67,
2020-11-19,68,69,
2020-11-19,70,71,
2020-11-19,73,74,
2020-11-19,75,76,
2020-11-19,77,78,
2020-12-03,3,4,
2020-12-03,5,15,
2020-12-03,16,24,
2020-12-03,25,55,attachments
2020-12-03,60,63,
2020-12-03,64,66,
2020-12-03,68,70,
2020-12-03,73,75,
2020-12-03,77,84,attachments
2020-12-17,5,7,attachments
2020-12-17,8,12,
2020-12-17,13,17,attachments
2020-12-17,18,29,
2020-12-17,30,33,attachments
2020-12-17,36,37,
2021-01-14,4,5,
2021-01-14,10,11,
2021-01-14,12,13,
2021-01-14,14,16,attachments
2021-01-14,17,18,
2021-01-21,3,19,
2021-01-28,3,5,
2021-01-28,6,12,attachments
2021-01-28,13,14,
2021-01-28,16,17,
2021-02-11,3,5,
2021-02-11,6,8,
2021-02-11,9,14,attachments
2021-02-18,4,5,
2021-02-18,7,13,
2021-02-18,14,15,
2021-02-18,16,17,
2021-02-18,18,19,
2021-02-18,20,22,
2021-02-18,23,24,attachments
2021-02-18,25,27,
2021-02-18,29,30,
2021-02-18,31,36,
2021-02-18,37,44,
2021-02-18,45,46,
2021-02-18,47,49,
2021-02-18,51,59,
2021-02-18,62,63,
2021-02-18,67,76,
2021-02-18,80,81,
2021-02-18,85,100,attachments
2021-02-18,103,104,
2021-02-18,114,115,
2021-02-18,116,117,
2021-02-18,121,123,
2021-02-18,125,127,
2021-02-18,129,130,
2021-02-18,142,143,
2021-02-18,149,150,
2021-02-18,151,152,
2021-02-18,153,154,
2021-02-18,155,156,
2021-02-18,160,161,
2021-02-18,162,165,
2021-02-18,170,171,
2021-02-18,172,180,attachments
2021-02-18,183,184,
2021-02-18,187,188,
2021-02-18,193,194,
2021-02-25,5,9,
2021-02-25,10,21,attachments
2021-02-25,22,23,
2021-02-25,24,25,
2021-02-25,26,27,
2021-02-25,28,32,
2021-02-25,34,42,
2021-02-25,43,52,
2021-02-25,53,54,
2021-02-25,57,58,attachments
2021-02-25,59,66,
2021-02-25,67,69,
2021-02-25,73,76,
2021-02-25,77,78,attachments
2021-02-25,79,81,
2021-02-25,82,88,
2021-02-25,90,91,
2021-02-25,92,94,attachments
2021-02-25,95,96,
2021-02-25,97,98,
2021-02-25,99,100,
2021-02-25,101,102,
2021-02-25,104,105,
2021-02-25,106,107,
2021-02-25,108,109,
2021-02-25,110,111,
2021-02-25,112,113,
2021-02-25,114,115,
2021-02-25,116,117,
2021-02-25,121,122,
2021-02-25,123,124,
2021-02-25,125,126,
2021-03-11,3,5,
2021-03-11,9,18,
2021-03-11,19,20,
2021-03-11,21,25,
2021-03-11,26,27,attachments
2021-03-11,28,29,
2021-03-11,30,30,attachments
2021-03-11,31,32,
2021-03-11,33,36,
2021-03-11,37,38,attachments
2021-03-11,41,42,
2021-03-11,43,48,
2021-03-11,49,50,
2021-03-11,51,58,
2021-03-18,3,10,
2021-03-18,15,16,
2021-03-18,18,21,
2021-03-18,22,23,
2021-03-18,25,26,
2021-03-18,27,28,attachments
2021-03-18,30,36,
2021-03-18,37,39,attachments
2021-03-18,40,41,
2021-03-18,42,45,
2021-03-18,47,48,attachments
2021-03-18,51,52,
2021-03-18,53,55,
2021-03-18,56,58,
2021-03-18,59,68,
2021-03-18,69,72,
2021-03-18,73,76,
2021-03-18,77,80,
2021-03-18,81,88,
2021-03-18,90,91,
2021-03-18,93,97,
2021-03-18,98,102,
2021-03-18,104,106,
2021-03-18,108,109,
2021-03-18,111,114,
2021-03-18,115,117,
2021-03-18,119,121,
2021-03-18,123,125,
2021-03-18,126,130,
2021-03-18,131,137,
2021-03-18,140,146,
2021-03-18,149,155,
2021-03-18,156,160,
2021-03-18,161,165,
2021-03-18,166,169,
2021-03-18,173,174,
2021-03-18,179,182,
2021-03-18,190,191,
2021-03-18,196,197,
2021-03-18,199,201,
2021-03-18,208,209,
2021-03-18,210,213,
2021-03-18,214,216,
2021-03-18,218,219,
2021-03-18,223,224,
2021-03-18,234,235,
2021-03-18,248,249,
2021-03-18,256,257,
2021-03-18,262,264,
2021-03-18,265,266,
2021-03-18,270,271,
2021-03-18,272,273,
2021-03-18,274,275,
2021-03-25,3,4,
2021-03-25,6,57,attachments
2021-03-25,62,67,
2021-03-25,68,69,attachments
2021-03-25,73,74,
2021-03-25,75,76,
2021-03-25,77,78,
2021-04-08,4,5,
2021-04-08,6,14,attachments
2021-04-08,18,19,
2021-04-08,20,25,attachments
2021-04-08,26,27,
2021-04-22,4,5,
2021-05-13,5,8,
2021-05-13,10,17,
2021-05-13,18,19,
2021-05-13,20,21,
2021-05-13,22,27,
2021-05-13,28,34,
2021-05-13,35,36,
2021-05-13,37,45,
2021-05-13,46,48,attachments
2021-05-13,49,50,
2021-05-13,51,59,attachments
2021-05-13,61,64,
2021-05-13,66,67,
2021-05-13,69,70,
2021-05-13,71,72,
2021-05-13,73,74,
2021-05-13,75,76,
2021-05-13,78,79,
2021-05-13,80,81,
2021-05-13,82,83,
2021-05-13,84,86,
2021-05-27,4,9,attachments
2021-05-27,10,12,
2021-05-27,13,16,
2021-05-27,17,75,
2021-05-27,76,122,attachments
2021-05-27,123,181,
2021-05-27,182,228,attachments
2021-05-27,229,233,
2021-05-27,234,235,
2021-05-27,236,238,
2021-05-27,243,246,
2021-05-27,247,248,
2021-05-27,249,256,attachments
2021-05-27,262,263,
2021-05-27,264,265,
2021-05-27,267,268,
2021-05-27,275,277,
2021-05-27,279,287,
2021-05-27,289,291,
2021-05-27,293,294,
2021-05-27,295,296,
2021-05-27,299,300,
2021-05-27,302,310,attachments
2021-05-27,312,314,
2021-05-27,315,326,
2021-05-27,327,332,
2021-05-27,333,336,attachments
2021-05-27,338,339,
2021-05-27,342,348,
2021-05-27,349,351,attachments
2021-05-27,354,355,
2021-05-27,356,357,
2021-05-27,362,364,
2021-05-27,369,370,
2021-05-27,372,373,
2021-05-27,375,376,
2021-05-27,384,385,
2021-05-27,386,387,
2021-05-27,390,391,
2021-05-27,408,410,
2021-05-27,411,413,
2021-05-27,414,415,
2021-05-27,416,417,
2021-05-27,420,421,
2021-05-27,422,423,
2021-05-27,425,426,
2021-05-27,430,431,
2021-05-27,433,434,
2021-05-27,437,439,
2021-06-10,3,10,
2021-06-10,16,17,
2021-06-10,18,23,attachments
2021-06-10,38,42,
2021-06-10,43,54,
2021-06-10,55,56,
2021-06-10,59,65,
2021-06-10,74,75,
2021-06-10,80,81,
2021-06-10,82,85,attachments
2021-06-17,3,5,
2021-06-17,6,14,
2021-06-17,15,28,
2021-06-17,29,31,
2021-06-17,33,34,
2021-06-17,35,36,
2021-06-17,37,42,
2021-06-17,43,51,
2021-06-17,52,54,
2021-06-17,55,56,
2021-06-17,57,62,
2021-06-17,63,64,
2021-06-17,65,67,
2021-06-17,68,69,
2021-06-17,70,71,
2021-06-17,72,80,
2021-06-17,81,90,
2021-06-17,91,92,
2021-06-17,93,96,
2021-06-17,98,100,
2021-06-17,102,104,
2021-06-17,105,106,
2021-06-17,108,112,
2021-06-17,114,120,
2021-06-17,121,122,
2021-06-17,123,126,
2021-06-17,127,129,attachments
2021-06-17,132,133,
2021-06-17,134,135,attachments
2021-06-17,136,138,
2021-06-17,140,141,
2021-06-17,142,143,
2021-06-17,144,151,
2021-06-17,156,157,
2021-06-17,160,161,
2021-06-17,163,165,
2021-06-17,167,169,
2021-06-17,170,171,
2021-06-17,174,177,
2021-06-17,178,179,
2021-06-17,185,186,
2021-06-17,187,188,
2021-06-17,189,190,
2021-06-17,191,192,
2021-06-17,193,194,
2021-06-17,196,197,
2021-06-17,199,200,
2021-06-17,201,202,
2021-06-17,203,204,
2021-06-17,206,207,
2021-06-17,208,209,
2021-06-17,211,212,
2021-06-17,213,214,
2021-06-17,216,217,
2021-06-17,221,223,
2021-06-17,225,226,
2021-06-17,228,229,
2021-06-17,230,231,
2021-06-17,233,234,
2021-06-17,236,237,
2021-06-17,238,239,
2021-07-08,5,7,
2021-07-08,8,9,
2021-07-08,12,13,
2021-07-08,14,15,
2021-07-22,4,33,attachments
2021-08-26,3,9,
2021-08-26,10,23,
2021-08-26,24,25,
2021-08-26,26,30,
2021-08-26,31,42,
2021-08-26,44,48,
2021-08-26,49,52,attachments
2021-08-26,53,112,report
2021-08-26,113,117,
2021-08-26,118,133,
2021-08-26,134,136,
2021-08-26,137,140,
2021-08-26,142,143,
2021-08-26,144,145,
2021-08-26,146,150,
2021-09-09,4,5,
2021-09-09,10,20,
2021-09-09,21,22,
2021-09-09,23,25,
2021-09-09,30,31,
2021-09-09,32,33,
2021-09-09,34,36,
2021-09-09,38,39,
2021-09-09,41,42,
2021-09-09,44,45,
2021-09-09,47,48,
2021-09-09,51,52,
2021-09-09,53,55,attachments
2021-09-09,59,60,
2021-09-23,3,4,
2021-09-30,3,4,
2021-10-14,3,11,
2021-10-14,12,188,attachments
2021-10-14,189,190,
2021-10-14,191,195,
2021-10-14,197,205,
2021-10-14,208,209,
2021-10-14,210,211,
2021-10-14,212,213,
2021-10-14,214,215,
2021-10-14,218,219,
2021-10-14,220,226,
2021-10-14,229,247,
2021-10-14,250,253,
2021-10-14,255,258,
2021-10-14,264,269,attachments
2021-10-14,270,288,
2021-10-14,290,291,
2021-10-14,292,294,
2021-10-14,295,296,
2021-10-14,297,299,
2021-10-14,300,301,
2021-10-21,3,5,
2021-10-21,7,77,attachments
2021-10-21,78,81,
2021-10-21,82,91,
2021-10-21,93,95,
2021-10-21,96,99,
2021-10-21,101,107,
2021-10-21,108,109,
2021-10-21,111,112,
2021-10-21,113,121,
2021-10-21,125,126,
2021-10-21,129,133,attachments
2021-10-21,134,135,
2021-10-28,3,5,
2021-10-28,6,10,attachments
2021-10-28,11,15,
2021-10-28,17,23,
2021-10-28,24,25,
2021-10-28,27,31,
2021-10-28,34,36,
2021-11-04,3,9,
2021-11-04,11,14,
2021-11-04,15,16,
2021-11-04,20,34,attachments
2021-11-04,36,37,
2021-11-04,42,47,attachments
2021-11-04,50,51,
2021-11-04,54,55,
2021-11-04,58,59,
2021-11-04,61,62,
2021-11-18,5,6,
2021-11-18,13,22,
2021-11-18,24,25,
2021-11-18,35,36,
2021-11-18,38,39,
2021-11-18,40,121,report
2021-11-18,123,131,
2021-11-18,132,135,
2021-11-18,142,149,
2021-11-18,150,155,
2021-11-18,156,157,
2021-11-18,158,160,
2021-11-18,165,169,
2021-11-18,170,171,
2021-11-18,173,174,
2021-11-18,177,180,
2021-11-18,188,189,
2021-11-18,193,202,
2021-11-18,203,205,
2021-11-18,206,208,
2021-11-18,210,212,
2021-11-18,215,218,
2021-11-18,219,223,
2021-11-18,225,226,
2021-11-18,227,233,
2021-11-18,234,238,
2021-11-18,239,244,
2021-11-18,245,246,
2021-11-18,249,255,
2021-11-18,256,257,
2021-11-18,268,273,
2021-11-18,275,276,
2021-11-18,281,287,
2021-11-18,297,298,
2021-11-18,299,301,
2021-11-18,303,304,
2021-11-18,305,310,attachments
2021-11-18,313,316,
2021-11-18,317,320,
2021-11-18,322,381,attachments
2021-12-16,3,7,
2021-12-16,15,16,
2021-12-16,18,19,
2021-12-16,20,21,
2021-12-16,22,23,
2021-12-16,34,35,
2021-12-16,36,37,attachments
2022-01-13,5,936,report
2022-01-13,937,938,
2022-01-13,941,944,
2022-01-13,945,946,
2022-01-13,947,948,attachments
2022-01-13,951,953,
2022-01-13,955,958,
2022-01-13,959,961,
2022-01-13,962,963,
2022-01-13,965,974,
2022-01-13,975,976,
2022-01-13,978,979,
2022-01-13,980,983,
2022-01-13,984,985,
2022-01-13,986,987,
2022-01-13,991,992,
2022-01-13,994,995,
2022-01-27,4,5,
2022-01-27,6,9,
2022-01-27,10,13,
2022-01-27,14,15,attachments
2022-01-27,46,47,
2022-01-27,55,58,
2022-02-10,5,6,
2022-02-10,9,10,
2022-02-10,11,12,
2022-02-24,3,5,
2022-02-24,6,100,attachments
2022-02-24,101,105,
2022-02-24,106,152,attachments
2022-02-24,155,158,
2022-02-24,159,163,
2022-02-24,164,173,
2022-02-24,174,175,
2022-02-24,177,178,
2022-02-24,179,180,
2022-02-24,182,183,
2022-02-24,185,186,
2022-02-24,188,189,
2022-02-24,190,191,
2022-03-10,3,4,
2022-03-10,6,7,
2022-03-10,10,11,
2022-03-10,13,15,
2022-03-10,16,17,
2022-03-10,24,25,
2022-03-10,26,27,
2022-03-10,29,30,
2022-03-10,32,33,
2022-03-10,34,35,
2022-03-10,36,39,
2022-03-17,4,5,
2022-03-24,3,4,
2022-03-24,6,7,
2022-03-24,8,13,
2022-03-24,15,23,
2022-03-24,24,33,
2022-03-24,34,36,
2022-03-24,38,41,
2022-03-24,42,57,attachments
2022-03-24,64,65,
2022-03-24,66,67,
2022-03-24,69,71,
2022-03-24,75,76,
2022-03-24,77,96,attachments
2022-04-14,3,4,
2022-04-14,5,6,
2022-04-14,9,13,
2022-04-14,15,17,
2022-04-14,19,20,
2022-04-28,5,37,attachments
2022-04-28,39,42,attachments
2022-04-28,43,73,
2022-04-28,74,95,
2022-04-28,100,217,report
2022-04-28,219,224,
2022-04-28,226,231,
2022-04-28,232,241,attachments
2022-04-28,242,247,
2022-04-28,248,255,attachments
2022-04-28,256,261,attachments
2022-04-28,263,278,attachments
2022-04-28,279,285,attachments
2022-04-28,286,316,attachments
2022-04-28,318,325,
2022-04-28,327,329,
2022-04-28,330,331,
2022-04-28,333,336,
2022-04-28,338,339,
2022-04-28,341,342,
2022-04-28,344,349,
2022-04-28,350,373,attachments
2022-04-28,375,377,
2022-04-28,380,390,
2022-04-28,392,393,
2022-04-28,394,414,attachments
2022-04-28,416,417,
2022-04-28,419,421,
2022-04-28,423,430,
2022-04-28,432,433,
2022-04-28,434,438,
2022-04-28,439,441,
2022-04-28,442,443,attachments
2022-04-28,444,445,
2022-04-28,446,447,
2022-04-28,448,449,
2022-04-28,454,458,
2022-04-28,459,460,
2022-04-28,462,470,attachments
2022-04-28,471,473,attachments
2022-04-28,476,493,
2022-04-28,495,499,attachments
2022-04-28,501,624,attachments
2022-04-28,626,646,attachments
2022-04-28,647,696,attachments
2022-04-28,697,711,
2022-04-28,728,729,
2022-04-28,731,733,
2022-04-28,735,738,
2022-04-28,739,744,
2022-04-28,745,747,attachments
2022-04-28,758,759,
2022-04-28,761,762,
2022-04-28,764,765,
2022-04-28,766,772,
2022-04-28,773,775,
2022-04-28,776,780,
2022-04-28,781,783,attachments
2022-04-28,786,787,
2022-04-28,790,791,
2022-04-28,795,798,
2022-04-28,800,801,
2022-04-28,805,814,attachments
2022-04-28,818,819,
2022-04-28,821,822,
2022-04-28,823,825,
2022-04-28,826,828,
2022-04-28,830,831,
2022-04-28,832,854,attachments
2022-04-28,855,860,
2022-04-28,861,862,
2022-04-28,863,864,
2022-04-28,865,866,
2022-04-28,872,873,
2022-04-28,880,881,
2022-04-28,882,883,
2022-04-28,884,885,
2022-04-28,886,887,attachments
2022-05-12,4,11,
2022-05-12,14,15,
2022-05-12,18,363,report
2022-05-12,364,365,
2022-05-12,369,370,
2022-05-12,371,372,
2022-05-12,373,374,
2022-05-12,382,383,
2022-05-12,386,387,
2022-05-19,3,4,
2022-05-19,5,10,
2022-05-19,11,12,
2022-05-19,14,50,attachments
2022-05-19,51,52,
2022-05-19,53,54,attachments
2022-05-19,55,73,
2022-05-19,75,76,
2022-05-19,77,78,
2022-05-19,79,80,
2022-05-19,81,82,
2022-05-26,4,6,
2022-06-09,3,8,
2022-06-09,10,11,
2022-06-09,14,18,
2022-06-09,23,24,
2022-06-09,25,26,
2022-06-09,28,29,
2022-06-09,32,33,
2022-06-09,34,35,
2022-06-09,37,39,
2022-06-09,42,43,
2022-06-23,5,11,
2022-06-23,12,70,attachments
2022-06-23,71,853,report
2022-06-23,856,865,
2022-06-23,866,867,
2022-06-23,868,869,
2022-06-23,871,877,
2022-06-23,878,880,attachments
2022-06-23,881,882,
2022-06-23,883,888,
2022-06-23,889,891,
2022-06-23,893,899,
2022-06-23,902,902,attachments
2022-06-23,903,904,
2022-06-23,906,908,
2022-06-23,909,911,
2022-06-23,913,914,
2022-06-23,920,921,
2022-06-23,923,924,
2022-06-23,931,932,
2022-06-23,934,935,
2022-07-14,3,4,
2022-07-14,6,11,
2022-07-14,13,14,
2022-07-14,15,16,
2022-07-14,18,23,
2022-07-14,24,26,attachments
2022-07-14,27,32,
2022-07-14,33,35,
2022-07-14,36,42,attachments
2022-07-14,43,44,
2022-07-14,45,119,report
2022-07-14,120,132,
2022-07-14,134,138,
2022-07-14,140,144,
2022-07-14,145,146,attachments
2022-07-14,148,161,attachments
2022-07-14,162,170,attachments
2022-07-14,172,173,
2022-07-14,174,176,
2022-07-14,177,178,attachments
2022-07-14,179,184,
2022-07-14,185,187,attachments
2022-07-14,188,193,
2022-07-14,194,196,
2022-07-14,197,203,attachments
2022-07-14,204,205,
2022-07-14,206,280,report
2022-07-14,281,293,
2022-07-14,295,299,
2022-07-14,301,305,
2022-07-14,306,307,attachments
2022-07-14,309,322,attachments
2022-07-14,324,331,attachments
2022-07-14,333,334,
2022-07-14,335,337,
2022-07-14,338,339,attachments
2022-07-14,340,354,
2022-07-14,357,359,
2022-07-14,363,364,
2022-07-14,365,367,
2022-07-14,368,369,
2022-07-14,372,373,
2022-07-28,4,5,
2022-07-28,19,23,
2022-07-28,25,27,
2022-07-28,29,30,
2022-07-28,33,35,
2022-07-28,38,46,
2022-07-28,50,51,
2022-07-28,55,74,
2022-07-28,82,83,
2022-07-28,84,85,
2022-07-28,86,87,
2022-07-28,98,99,
2022-07-28,110,111,
2022-08-11,3,4,
2022-08-11,5,7,attachments
2022-08-11,10,11,attachments
2022-08-11,12,19,
2022-08-11,20,23,
2022-08-11,24,51,
2022-08-11,52,54,
2022-08-11,58,59,
2022-08-25,5,6,
2022-08-25,7,8,
2022-08-25,10,11,
2022-08-25,12,13,attachments
2022-09-08,8,9,
2022-09-08,12,13,
2022-09-22,3,5,
2022-09-22,6,8,attachments
2022-09-22,9,13,attachments
2022-09-22,14,15,
2022-09-22,16,17,
2022-09-22,18,20,
2022-09-22,21,22,
2022-09-22,23,28,
2022-09-22,29,34,
2022-09-22,35,37,
2022-09-22,38,47,
2022-09-22,61,62,attachments
2022-09-22,74,75,
2022-09-22,97,98,
2022-09-22,100,101,
2022-09-22,107,108,
2022-09-22,112,113,
2022-09-22,118,121,
2022-09-22,126,127,
2022-09-22,128,129,
2022-10-13,4,5,
2022-10-13,6,7,
2022-10-13,8,9,
2022-10-13,10,11,
2022-10-13,12,13,
2022-10-13,14,15,
2022-10-13,16,19,
2022-10-13,20,24,
2022-10-13,26,30,
2022-10-13,31,33,
2022-10-13,36,37,
2022-10-13,39,40,
2022-10-27,4,13,
2022-10-27,14,15,
2022-10-27,16,21,
2022-10-27,23,31,
2022-10-27,32,35,
2022-10-27,36,39,
2022-10-27,40,49,
2022-10-27,50,51,
2022-10-27,52,53,
2022-10-27,54,58,attachments
2022-10-27,60,61,
2022-10-27,62,65,
2022-10-27,66,71,attachments
2022-10-27,72,75,
2022-10-27,76,77,attachments
2022-10-27,78,81,
2022-10-27,82,83,
2022-10-27,84,88,
2022-10-27,89,96,
2022-10-27,97,98,
2022-10-27,99,100,
2022-10-27,101,110,
2022-10-27,111,112,
2022-10-27,115,116,
2022-10-27,117,118,
2022-10-27,119,120,
2022-10-27,121,122,
2022-11-03,5,6,
2022-11-03,7,13,attachments
2022-11-03,15,16,
2022-11-03,17,18,
2022-11-03,24,25,
2022-11-03,26,34,
2022-11-03,35,35,attachments
2022-11-03,38,39,
2022-11-03,50,52,
2022-11-03,54,55,
2022-11-03,56,57,
2022-11-03,58,59,
2022-11-03,61,62,
2022-11-03,63,64,
2022-11-03,67,68,
2022-11-03,71,72,
2022-11-03,76,77,
2022-11-03,79,80,
2022-11-03,81,94,attachments
2022-11-17,3,4,
2022-11-17,6,7,
2022-11-17,8,14,attachments
2022-11-17,15,16,
2022-11-17,17,23,
2022-11-17,24,26,
2022-11-17,27,33,
2022-11-17,35,36,
2022-11-17,37,39,
2022-11-17,40,41,
2022-11-17,43,51,
2022-11-17,52,53,
2022-11-17,56,61,
2022-11-17,62,63,
2022-11-17,68,70,
2022-11-17,72,73,
2022-11-17,75,76,
2022-11-17,77,82,
2022-11-17,83,89,
2022-11-17,90,91,
2022-11-17,93,94,
2022-11-17,97,98,
2022-11-17,100,102,
2022-11-17,103,105,
2022-11-17,106,107,
2022-11-17,109,110,
2022-11-17,112,113,
2022-11-17,114,115,
2022-11-17,117,118,
2022-11-17,120,121,
2022-11-17,122,124,
2022-11-17,125,127,
2022-11-17,130,132,
2022-11-17,134,135,
2022-11-17,139,141,
2022-11-17,143,145,
2022-11-17,153,155,
2022-11-17,156,157,
2022-11-17,158,159,
2022-11-17,161,165,
2022-11-17,167,168,
2022-11-17,169,170,
2022-11-17,171,172,
2022-11-17,174,175,
2022-11-17,179,180,
2022-11-17,181,186,
2022-11-17,188,189,
2022-11-17,191,193,
2022-11-17,197,199,
2022-11-17,200,209,
2022-11-17,210,213,
2022-11-17,215,216,
2022-11-17,217,226,
2022-11-17,230,231,
2022-11-17,232,234,
2022-11-17,238,240,
2022-11-17,245,247,attachment
2022-11-17,251,254,
2022-11-17,255,258,
2022-11-17,260,261,
2022-11-17,262,264,
2022-11-17,267,268,
2022-11-17,270,271,
2022-11-17,276,277,
2022-11-17,278,280,
2022-11-17,289,298,
2022-11-17,301,303,
2022-11-17,308,309,
2022-11-17,311,312,
2022-11-17,313,314,
2022-11-17,317,318,
2022-11-17,319,320,
2022-11-17,321,322,
2022-11-17,324,326,
2022-11-17,332,333,
2022-11-17,334,335,
2022-11-17,337,338,
2022-11-17,340,341,
2022-11-17,343,345,
2022-11-17,355,358,attachments
2022-11-17,359,360,
2022-11-17,371,372,
2022-11-17,375,377,
2022-11-17,378,379,
2022-11-17,380,381,
2022-11-17,382,383,
2022-11-17,392,394,
2022-11-17,396,397,
2022-11-17,399,400,
2022-11-17,405,406,
2022-11-17,410,411,
2022-11-17,416,417,
2022-11-17,418,419,
2022-11-17,423,424,
2022-11-17,443,445,
2022-11-17,455,456,
2022-11-17,459,461,
2022-11-17,466,467,
2022-12-08,3,4,
2022-12-08,5,7,
2022-12-08,11,12,
2022-12-08,13,19,attachments
2022-12-08,21,23,
2022-12-08,24,29,
2022-12-08,31,33,
2022-12-08,34,35,
2022-12-08,42,43,
2022-12-08,44,46,
2022-12-08,47,50,
2022-12-08,54,63,
2022-12-08,65,67,
2022-12-08,68,70,
2022-12-08,72,74,
2022-12-08,76,77,
2022-12-08,79,80,
2022-12-08,84,87,
2022-12-08,88,89,
2022-12-08,90,92,
2022-12-08,93,94,
2022-12-08,99,100,
2022-12-08,101,102,
2022-12-08,104,114,
2022-12-08,116,117,
2022-12-08,118,122,
2022-12-08,123,132,
2022-12-08,134,142,attachments
2022-12-08,143,146,
2022-12-08,147,149,
2022-12-08,150,159,
2022-12-08,160,161,
2022-12-08,162,163,
2022-12-08,165,168,
2022-12-08,169,171,
2022-12-08,174,176,
2022-12-08,177,180,
2022-12-08,182,184,
2022-12-08,187,189,
2022-12-08,190,191,
2022-12-08,193,195,
2022-12-08,197,199,
2022-12-08,202,204,
2022-12-08,208,209,
2022-12-08,210,211,
2022-12-08,215,217,
2022-12-08,219,221,
2022-12-08,222,224,
2022-12-08,227,229,
2022-12-08,231,233,
2022-12-08,235,236,
2022-12-08,237,238,
2022-12-08,239,240,
2022-12-08,246,248,
2022-12-08,250,251,
2022-12-08,252,254,
2022-12-08,257,258,
2022-12-08,259,260,
2022-12-08,261,263,
2022-12-08,264,266,
2022-12-08,268,269,
2022-12-08,273,274,
2022-12-08,275,276,
2022-12-08,278,280,
2022-12-15,5,9,
2022-12-15,10,13,
2022-12-15,14,16,
2022-12-15,17,19,
2022-12-15,20,27,
2022-12-15,28,31,
2022-12-15,33,34,
2022-12-15,37,38,
2022-12-15,39,40,
2022-12-15,41,42,
2022-12-15,43,44,
2022-12-15,45,46,
2022-12-15,47,48,
2022-12-15,50,51,
2022-12-15,52,53,
2022-12-15,54,55,
2022-12-15,56,57,
2023-02-09,5,12,attachments
2023-02-09,14,15,
2023-02-09,16,18,
2023-02-09,19,29,attachments
2023-02-09,30,32,
2023-02-09,33,34,attachments
2023-02-09,35,36,
2023-02-09,41,42,attachments
2023-02-09,43,44,
2023-02-09,45,50,
2023-02-09,51,53,attachments
2023-02-09,54,59,
2023-02-09,60,62,
2023-02-09,63,65,
2023-02-09,66,73,
2023-02-09,74,81,
2023-02-09,82,89,
2023-02-09,94,96,
2023-02-09,97,99,attachments
2023-02-09,100,101,
2023-02-09,102,108,attachments
2023-02-09,109,110,
2023-02-09,111,112,
2023-02-09,115,115,attachments
2023-02-09,117,118,
2023-02-09,122,123,
2023-02-09,125,126,
2023-02-23,4,5,
2023-02-23,6,25,attachments
2023-02-23,26,27,
2023-02-23,28,31,
2023-02-23,32,33,
2023-02-23,34,39,
2023-02-23,40,41,
2023-02-23,42,43,
2023-02-23,44,50,
2023-02-23,51,53,
2023-02-23,54,55,
2023-02-23,58,59,
2023-02-23,63,64,
2023-02-23,66,67,
2023-02-23,68,69,
2023-02-23,70,71,
2023-02-23,74,75,
2023-03-09,5,10,
2023-03-09,12,17,
2023-03-09,18,19,
2023-03-09,20,23,
2023-03-09,25,32,
2023-03-09,35,36,
2023-03-09,37,38,
2023-03-09,39,42,
2023-03-09,43,51,attachments
2023-03-09,52,53,
2023-03-09,54,56,
2023-03-09,58,59,
2023-03-09,60,61,
2023-03-09,63,64,
2023-03-09,66,73,attachments
2023-03-23,3,4,
2023-03-23,5,44,attachments
2023-03-23,45,48,
2023-03-23,49,53,
2023-03-23,54,57,
2023-03-23,59,60,
2023-03-23,61,62,
2023-03-23,63,64,
2023-03-23,66,67,
2023-03-23,68,69,
2023-03-23,70,71,
2023-03-23,72,73,
2023-04-20,5,9,
2023-04-20,10,11,
2023-04-20,12,13,
2023-04-20,14,17,
2023-04-20,19,21,
2023-04-20,23,24,
2023-04-20,28,38,
2023-04-20,39,40,
2023-04-20,42,43,attachments
2023-04-20,47,48,
2023-04-27,3,7,
2023-04-27,9,10,
2023-04-27,11,12,
2023-04-27,14,15,
2023-04-27,30,32,
2023-04-27,40,41,
2023-04-27,42,43,
2023-04-27,44,45,
2023-05-11,6,10,
2023-05-11,11,15,
2023-05-11,16,18,
2023-05-11,20,24,
2023-05-11,26,27,
2023-05-11,29,68,report
2023-05-25,3,4,
2023-05-25,5,55,attachments
2023-05-25,56,57,
2023-05-25,58,59,
2023-05-25,65,66,
2023-05-25,68,69,
2023-05-25,73,75,
2023-05-25,79,80,attachments
2023-06-08,3,5,
2023-06-08,6,9,
2023-06-08,10,11,
2023-06-08,12,13,
2023-06-08,16,17,
2023-06-08,18,19,
2023-06-08,20,92,report
2023-06-08,93,94,
2023-06-08,96,97,
2023-06-08,98,99,
2023-06-08,103,105,
2023-06-08,107,114,attachments
2023-06-08,115,116,
2023-06-08,117,119,
2023-06-08,121,123,
2023-06-08,124,125,
2023-06-08,129,130,
2023-06-08,132,133,
2023-06-08,134,135,
2023-06-08,136,139,
2023-06-08,141,142,
2023-06-08,144,145,
2023-06-08,147,148,
2023-06-08,149,150,
2023-06-08,151,152,
2023-06-08,153,154,
2023-06-08,155,156,
2023-06-08,157,161,
2023-06-08,162,227,attachments
2023-06-08,229,231,
2023-06-08,232,235,
2023-06-08,236,237,
2023-06-08,238,241,
2023-06-08,242,246,
2023-06-08,248,250,
2023-06-08,253,255,
2023-06-08,256,257,
2023-06-08,258,259,
2023-06-08,260,261,
2023-06-08,262,264,
2023-06-08,265,268,
2023-06-08,269,270,
2023-06-08,271,273,
2023-06-08,274,301,attachments
2023-06-08,303,305,
2023-06-08,307,308,
2023-06-08,310,313,
2023-06-08,315,316,
2023-06-08,319,320,
2023-06-08,322,323,
2023-06-08,324,325,
2023-06-08,326,327,
2023-06-08,330,331,
2023-06-08,335,336,
2023-06-08,338,339,
2023-06-08,340,341,
2023-06-08,342,343,
2023-06-08,346,347,
2023-06-08,348,349,
2023-06-08,350,351,
2023-06-08,354,355,
2023-06-08,356,360,
2023-06-08,362,363,
2023-06-08,369,370,
2023-06-08,371,372,
2023-06-08,374,375,
2023-06-08,376,377,
2023-06-08,378,379,
2023-06-08,381,382,
2023-06-08,389,390,
2023-06-08,392,393,
2023-06-08,396,397,
2023-06-08,398,399,
2023-06-08,400,401,
2023-06-08,404,405,
2023-06-08,408,409,
2023-06-08,410,412,
2023-06-08,414,415,
2023-06-08,422,424,
2023-06-08,425,427,
2023-06-08,435,440,
2023-06-08,441,444,
2023-06-08,445,446,
2023-06-08,448,449,
2023-06-08,452,453,
2023-06-08,454,455,
2023-06-08,459,460,
2023-06-08,461,463,
2023-06-08,466,467,
2023-06-08,471,472,
2023-06-08,473,476,
2023-06-08,478,479,
2023-06-08,485,486,
2023-06-08,488,489,
2023-06-08,491,492,
2023-06-08,493,494,
2023-06-08,495,496,
2023-06-08,501,502,
2023-06-08,503,504,
2023-06-08,505,506,
2023-06-08,507,508,
2023-06-08,509,516,
2023-06-08,517,523,
2023-06-08,526,527,
2023-06-08,528,529,
2023-07-13,3,11,
2023-07-13,16,21,
2023-07-13,22,23,
2023-07-13,24,25,
2023-07-13,26,28,
2023-07-13,30,35,
2023-07-13,36,37,
2023-07-13,38,39,
2023-07-13,41,43,
2023-07-13,45,70,
2023-07-13,72,73,
2023-07-13,76,77,
2023-07-13,80,81,
2023-07-13,82,83,
2023-07-13,85,86,
2023-07-13,87,88,
2023-07-27,3,15,
2023-07-27,17,21,
2023-07-27,22,254,attachments
2023-07-27,256,265,attachments
2023-07-27,267,275,attachments
2023-07-27,277,280,
2023-07-27,281,287,
2023-07-27,288,289,
2023-07-27,290,299,
2023-07-27,300,301,
2023-07-27,302,303,
2023-07-27,307,309,
2023-07-27,312,313,
2023-07-27,315,320,
2023-07-27,322,324,
2023-07-27,330,339,
2023-07-27,340,344,attachments
2023-08-10,3,12,
2023-08-10,15,16,
2023-08-10,24,25,
2023-08-24,3,4,
2023-08-24,5,12,attachments
2023-08-24,13,15,
2023-08-24,16,17,
2023-08-24,18,25,
2023-08-24,26,27,
2023-08-24,29,34,
2023-08-24,35,38,attachments
2023-08-24,48,49,
2023-08-24,56,57,
2023-08-24,104,105,
2023-08-24,113,114,
2023-08-24,122,123,
2023-08-24,125,126,attachments
2023-08-24,146,147,
2023-08-24,148,151,
2023-08-24,153,154,
2023-08-24,165,166,
2023-08-24,177,178,
2023-08-24,187,189,
2023-08-24,190,191,
2023-08-24,192,193,
2023-08-24,194,196,attachments
2023-08-24,206,207,
2023-09-14,5,7,
2023-09-14,8,14,
2023-09-14,18,19,
2023-09-14,23,25,
2023-09-14,28,29,
2023-09-14,32,33,
2023-09-14,35,39,
2023-09-14,40,41,
2023-09-14,42,43,
2023-09-14,46,50,
2023-09-14,51,53,
2023-09-14,54,55,
2023-09-14,56,65,
2023-09-14,69,70,
2023-09-14,72,74,
2023-09-14,75,78,
2023-09-14,82,84,
2023-09-14,85,86,
2023-09-14,87,88,
2023-09-14,98,100,
2023-09-14,106,114,
2023-09-14,115,116,
2023-09-14,118,119,
2023-09-14,120,121,
2023-09-14,123,124,
2023-09-14,125,126,
2023-09-28,3,5,
2023-09-28,6,10,
2023-09-28,19,22,
2023-09-28,23,24,attachments
2023-09-28,31,33,attachments
2023-09-28,34,35,
2023-09-28,36,37,
2023-09-28,38,39,
2023-09-28,40,41,
2023-10-12,3,4,
2023-10-12,5,13,
2023-10-12,14,21,
2023-10-12,22,31,
2023-10-12,32,39,
2023-10-12,40,47,
2023-10-12,48,55,
2023-10-12,56,57,
2023-10-12,60,61,
2023-10-12,66,67,
2023-10-12,69,70,
2023-10-12,72,73,
2023-10-12,75,76,
2023-10-12,86,87,
2023-10-12,88,89,
2023-10-12,90,91,
2023-10-12,92,95,
2023-10-12,96,98,
2023-10-26,5,27,
2023-10-26,30,33,attachments
2023-10-26,34,35,
2023-10-26,36,39,attachments
2023-10-26,40,45,
2023-10-26,47,50,
2023-10-26,52,53,attachments
2023-10-26,55,56,attachments
2023-10-26,58,76,attachments
2023-10-26,77,89,
2023-10-26,90,99,
2023-11-02,3,14,
2023-11-02,15,16,
2023-11-16,4,6,
2023-11-16,7,9,
2023-11-16,13,18,attachments
2023-11-16,21,22,
2023-11-16,25,26,
2023-11-16,27,28,
2023-11-16,29,30,
2023-12-14,3,4,
2023-12-14,5,8,
2023-12-14,9,13,
2023-12-14,15,16,
2023-12-14,23,24,
2023-12-14,25,26,
2023-12-14,27,28,
2023-12-14,29,30,
2023-12-14,32,33,
2023-12-14,34,35,
2023-12-14,38,39,
2024-01-11,3,7,
2024-01-11,10,11,
2024-01-11,12,16,
2024-01-11,18,22,
2024-01-11,26,27,
2024-01-11,28,36,
2024-01-11,38,42,
2024-01-11,46,50,
2024-01-11,51,51,attachments
2024-01-11,53,54,
2024-01-11,56,67,
2024-01-11,69,106,attachments
2024-01-11,108,579,report
2024-01-11,582,586,
2024-01-11,587,589,
2024-01-11,590,591,
2024-01-11,592,593,
2024-01-11,594,602,
2024-01-11,604,606,
2024-01-11,609,610,
2024-01-11,614,615,
2024-01-11,616,617,
2024-01-11,618,619,
2024-01-11,620,621,
2024-01-11,622,623,
2024-01-11,625,626,
2024-01-11,627,628,
2024-01-11,630,631,
2024-01-11,632,638,attachments
2024-01-11,639,640,
2024-01-11,641,642,
2024-01-25,7,9,
2024-01-25,10,14,
2024-02-08,3,15,
2024-02-08,17,19,
2024-02-08,27,28,
2024-02-08,29,34,
2024-02-08,40,41,
2024-02-08,46,47,
2024-02-08,51,60,
2024-02-08,63,64,
2024-02-08,66,69,
2024-02-08,73,81,
2024-02-08,82,91,
2024-02-08,97,98,
2024-02-08,101,102,
2024-02-08,105,106,
2024-02-08,107,109,
2024-02-08,110,114,attachments
2024-02-08,115,116,
2024-02-08,117,118,
2024-02-08,120,121,
2024-02-08,124,125,
2024-02-08,126,128,
2024-02-22,2,3,
2024-02-22,4,5,
2024-02-22,6,8,
2024-02-22,9,10,
2024-02-22,11,14,attachments
2024-02-22,15,16,
2024-02-22,20,22,
2024-02-22,35,36,
2024-02-22,37,38,
2024-02-22,39,44,
2024-02-22,48,49,
2024-02-22,51,53,attachments
2024-02-22,54,55,
2024-02-22,56,57,
2024-02-22,59,60,
2024-02-22,62,63,
2024-02-22,64,65,
2024-02-22,67,72,attachments
2024-03-14,1,5,
2024-03-28,4,5,
2024-03-28,6,8,
2024-03-28,12,14,
2024-04-11,4,7,attachments
2024-04-11,8,9,
2024-04-11,10,11,
2024-04-11,13,15,
2024-04-11,16,22,
2024-04-11,23,37,attachments
2024-04-11,42,43,
2024-04-11,44,46,
2024-04-11,47,48,attachments
2024-04-11,50,51,
2024-04-11,52,53,
2024-04-11,54,55,
2024-04-11,56,57,
2024-04-11,59,60,
2024-04-11,61,62,
2024-04-11,64,65,
2024-04-11,67,68,
2024-04-11,71,72,
2024-04-11,73,74,attachments
2024-05-09,4,5,
2024-05-09,7,8,
2024-05-09,9,11,
2024-05-09,12,17,
2024-05-09,19,20,
2024-05-09,24,25,
2024-05-09,26,27,
2024-05-09,28,33,
2024-05-09,35,37,
2024-05-09,38,44,
2024-05-09,46,47,
2024-05-09,49,52,
2024-05-09,53,55,
2024-05-09,63,65,
2024-05-09,66,67,
2024-05-09,69,70,
2024-05-09,75,76,
2024-05-09,77,78,
2024-05-09,79,80,
2024-05-09,81,93,attachments
2024-05-23,4,13,
2024-05-23,14,16,
2024-05-23,17,18,
2024-05-23,19,23,
2024-05-23,24,25,
2024-06-13,5,10,
2024-06-13,12,13,
2024-06-13,14,15,
2024-06-27,4,5,
2024-06-27,6,7,
2024-06-27,8,10,
2024-06-27,11,12,
2024-06-27,13,127,report
2024-06-27,129,130,attachments
2024-07-11,4,5,
2024-07-11,6,11,
2024-07-11,12,19,
2024-07-11,20,22,
2024-07-11,23,32,
2024-07-11,34,35,
2024-07-11,38,39,
2024-07-25,3,4,
2024-07-25,5,9,
2024-07-25,10,11,
2024-07-25,12,16,
2024-07-25,17,18,
2024-07-25,19,20,
2024-07-25,21,25,
2024-07-25,26,27,
2024-07-25,28,32,
2024-08-08,6,7,
2024-09-12,5,6,
2024-09-12,7,9,
2024-09-12,10,11,
2024-09-12,12,13,
2024-09-12,14,22,
2024-09-12,23,25,
2024-09-12,26,27,
2024-09-12,28,37,
2024-09-12,38,39,
2024-09-12,41,42,
2024-09-12,43,48,
2024-09-12,51,52,
2024-09-12,54,56,
2024-09-12,57,58,attachments
2024-09-12,59,60,
2024-09-12,61,63,
2024-09-12,64,65,
2024-09-26,3,5,
2024-09-26,7,65,
2024-09-26,66,172,report
2024-09-26,173,176,
2024-09-26,178,181,
2024-09-26,182,183,
2024-09-26,185,193,
2024-09-26,194,196,
2024-09-26,201,206,
2024-09-26,208,209,
2024-09-26,210,213,
2024-09-26,214,216,
2024-09-26,217,228,
2024-09-26,229,232,
2024-09-26,234,238,
2024-09-26,270,271,
2024-09-26,279,280,
2024-09-26,311,314,
2024-09-26,334,335,
2024-09-26,337,339,
2024-09-26,454,455,
2024-09-26,516,519,
2024-09-26,520,531,
2024-09-26,532,672,report
2024-09-26,806,807,
2024-09-26,815,816,
2024-09-26,847,850,
2024-09-26,870,871,
2024-09-26,873,875,
2024-09-26,1052,1055,
2024-09-26,1056,1067,attachments
2024-09-26,1068,1208,report
2024-09-26,1322,1323,
2024-09-26,1324,1325,
2024-09-26,1326,1329,
2024-09-26,1330,1331,
2024-09-26,1332,1333,
2024-09-26,1334,1336,
2024-09-26,1337,1338,
2024-09-26,1339,1341,
2024-09-26,1344,1346,
2024-10-10,3,4,
2024-10-10,6,7,
2024-10-10,8,9,attachments
2024-10-10,10,11,
2024-10-10,15,16,
2024-10-10,18,20,
2024-10-10,26,28,
2024-10-24,7,9,
2024-10-24,10,12,
2024-10-24,13,14,
2024-10-24,15,23,
2024-10-24,25,27,
2024-10-24,29,81,
2024-10-24,82,83,
2024-11-14,3,4,
2024-11-14,5,6,
2024-11-14,7,10,
2024-11-14,11,13,
2024-11-14,14,16,
2024-11-14,17,20,
2024-11-14,21,30,
2024-11-14,32,33,
2024-11-14,34,35,
2024-11-14,36,37,
2024-11-14,38,39,
2024-11-14,40,41,
2024-11-14,42,43,
2024-11-14,44,45,
2024-11-14,46,47,
2024-11-21,4,6,
2024-11-21,7,9,
2024-11-21,10,12,
2024-11-21,13,15,
2024-11-21,16,18,
2024-11-21,19,20,
2024-11-21,21,23,
2024-11-21,24,25,
2024-11-21,26,31,attachments
2024-11-21,32,33,
2024-12-12,5,14,
2024-12-19,4,5,
2025-01-23,3,4,
2025-01-23,6,8,
2025-01-23,10,12,
2025-01-23,13,15,
2025-01-23,17,21,
2025-01-23,22,25,attachments
2025-01-23,27,31,
2025-01-23,37,38,attachments
2025-01-23,39,41,
2025-01-23,45,46,
2025-01-23,49,50,
2025-01-23,51,52,
2025-01-23,54,55,
2025-02-13,3,5,
2025-02-13,6,8,
2025-02-13,10,12,
2025-02-13,15,16,
2025-02-13,17,18,
2025-02-13,23,24,
2025-02-13,26,27,
2025-02-27,5,15,attachments
2025-02-27,16,19,
2025-02-27,20,22,
2025-02-27,23,26,
2025-02-27,27,28,
2025-02-27,29,30,
2025-02-27,31,34,
2025-02-27,35,39,attachments
2025-02-27,41,50,
2025-02-27,51,52,
2025-02-27,57,58,
2025-02-27,59,60,
2025-02-27,63,64,
2025-02-27,65,67,
2025-02-27,68,70,
2025-02-27,73,74,attachments
2025-02-27,77,78,
2025-02-27,84,86,
2025-02-27,87,89,
2025-03-13,3,9,
2025-03-13,10,11,
2025-03-13,12,13,
2025-03-13,15,16,
2025-03-13,17,34,report
2025-03-13,35,50,
2025-03-13,51,54,
2025-03-13,57,91,attachments
2025-03-13,92,129,report
2025-03-13,130,168,report
2025-03-13,169,418,report
2025-03-13,419,439,report
2025-03-13,440,447,report
2025-03-13,448,717,report
2025-03-13,718,830,report
2025-03-13,831,833,
2025-03-13,834,835,
2025-03-13,836,837,
2025-03-13,839,841,
2025-03-13,842,843,
2025-03-13,844,845,
2025-03-27,4,17,attachments
2025-03-27,18,26,
2025-03-27,27,32,
2025-03-27,35,36,
2025-03-27,37,48,
2025-03-27,51,52,
2025-03-27,53,69,attachments
2025-03-27,70,72,
2025-03-27,73,75,
2025-03-27,76,91,attachments
2025-03-27,92,93,
2025-04-10,4,5,
2025-04-10,10,11,attachments
2025-04-10,12,14,
2025-04-10,15,16,
2025-04-10,19,22,
2025-04-10,31,32,
2025-04-10,36,37,
2025-04-10,38,39,
2025-04-10,40,57,attachments
2025-04-10,58,61,
2025-04-10,63,67,
2025-04-10,68,70,attachments
2025-04-10,73,88,